,Mean,Std,Diff1,Diff2,PCAd1,PCAd2,Label,extraNode
0,0.6498743693712645,0.5058709050780765,0.2590928906837347,0.23359961574632668,0.09625988133938568,0.2304116483298544,0,0.0
1,0.689979249773587,0.2807223669625328,0.04761041091721154,0.4838523811494244,0.09157109091067209,0.26016080215167575,0,0.005025125628140704
2,0.6634438408357657,0.3474988936541901,0.1305905042250917,0.09475733295103533,0.10238601251514277,0.2656402817591783,0,0.010050251256281407
3,0.7097446578380618,0.25416318500813256,0.02182609908368348,0.6071419282704924,0.09621877713126337,0.2592392051597306,0,0.01507537688442211
4,0.8967508442417627,0.07372652327689845,0.012655738069201734,0.6957234902805567,0.12054742643840298,0.26210548595824185,0,0.020100502512562814
5,0.9190844671031647,0.053735629342653024,0.029391749785780498,0.5706030335401312,0.1270003314738263,0.2746736578733947,0,0.02512562814070352
6,0.8612114767820993,0.20857331300614523,0.16827804388227563,0.09173877191711736,0.182950549572698,0.3157588420960861,0,0.03015075376884422
7,0.7723443449986664,0.18469737247455414,0.06008480606356289,0.5663850998113452,0.1143922274021201,0.31437115954020156,0,0.035175879396984924
8,0.6805929495743731,0.16201746912285173,0.13566513309484093,0.42154692321629644,0.14181216025752028,0.3038096772703917,0,0.04020100502512563
9,0.8691545640027528,0.07890129206530741,0.04987296663739272,0.7008014326059738,0.1286877300984738,0.3058463206684172,0,0.04522613065326633
10,0.7438759361541446,0.176529479091107,0.16838882542496378,0.3393832410930584,0.13769054660828858,0.30967170461099347,0,0.05025125628140704
11,0.785221050012644,0.25378264284744967,0.1496247503812081,0.07935111549733222,0.15244582368054338,0.22315360127410672,0,0.05527638190954774
12,0.5339087382334984,0.48968051309972965,0.23727093833544965,0.1600428694362556,0.1547672067673684,0.47547392051691517,0,0.06030150753768844
13,0.7736791547629811,0.34549849368005864,0.185811748362747,0.06829383509063561,0.11170349664218732,0.34537906223348425,0,0.06532663316582915
14,0.679370277294713,0.6637621097791183,0.4147313680998578,0.14596617632014003,0.09504011977481272,0.3850710579008405,0,0.07035175879396985
15,0.6317457845148245,0.6048822004828359,0.25975282513778514,0.17483310475040972,0.08640768217787843,0.331728281844323,0,0.07537688442211056
16,0.6942498357221089,0.3923199758940546,0.23564199225880683,0.08530890440361563,0.19598132677471286,0.31635166434932294,0,0.08040201005025126
17,0.9112043816784009,0.06052136964383478,0.0355085699703923,0.7341880084630357,0.12389942874449517,0.272316664091493,0,0.08542713567839195
18,0.8410209821287411,0.4534006566094949,0.25927845255834137,0.09195156951234712,0.09257588306704595,0.20094762608266267,0,0.09045226130653267
19,0.7358144480418062,0.1383111655353371,0.08677485018660484,0.6961065993233261,0.1336913185391925,0.31660122219983156,0,0.09547738693467336
20,0.8392847988191031,0.1437311223288601,0.06013588525794248,0.6087021663780696,0.3405757617061861,0.5831928872541426,0,0.10050251256281408
21,0.7135680600311208,0.1547227854727213,0.06956341495960316,0.7834065165157537,0.3028239318279414,0.6145481307129237,0,0.10552763819095477
22,0.8253609238602985,0.13960455071423888,0.028280753991492612,0.6578941407894212,0.18467997459097374,0.09553419404951613,0,0.11055276381909548
23,0.5902384235931842,0.3529507074014347,0.16610622514412865,0.07221563004044937,0.17701019790194383,0.3521505546528095,0,0.11557788944723618
24,0.9677877092476186,0.02321250229669318,0.010886149703118474,0.5377997915363466,0.3480750282276248,0.5558807187861591,0,0.12060301507537688
25,0.942702053254554,0.03035258922762068,0.03808152118621626,0.6946018775201734,0.3560317726782195,0.6004392480292381,0,0.12562814070351758
26,0.8395613433960736,0.3714670446337194,0.33194041020904425,0.15858052230645958,0.6401785422327556,0.6584074252779654,0,0.1306532663316583
27,0.8178883651601649,0.10009614916272465,0.1283941898810846,0.09982895512083018,0.3932605856266315,0.628958339773144,0,0.135678391959799
28,0.9186058133811851,0.04009037186217716,0.01855186915307509,0.6360143681686404,0.35066673337947113,0.5536200980296884,0,0.1407035175879397
29,0.9596727186598697,0.02562150029977899,0.0464386743938915,0.6888432094928071,0.34842445849302756,0.5691498707373797,0,0.1457286432160804
30,0.8146516619913057,0.08422419086078044,0.10319700365871247,0.5249132609105779,0.34058115904038727,0.5763473299245538,0,0.15075376884422112
31,0.8816381746978454,0.040435214302875395,0.03241242625087871,0.7270323348572819,0.3439478616395513,0.5643063202260754,0,0.15577889447236182
32,0.8967913539002537,0.06921938070406028,0.023425688548078916,0.44257169406310826,0.3401488208997398,0.562119974420818,0,0.16080402010050251
33,0.7586367917882381,0.1276379730139441,0.02749880451314422,0.8023885261597761,0.3167381224858393,0.5623772019603175,0,0.1658291457286432
34,0.5832587067361713,0.786056897755338,0.3506939718901377,0.19924053543537104,0.3170553700545506,0.5319229553851814,0,0.1708542713567839
35,0.5811433844065075,0.8197610030266235,0.4916964582610883,0.34323165172618214,0.2561412833418867,0.5171121197348214,0,0.17587939698492464
36,0.7855103084191927,0.21865176595381922,0.2615291150369518,0.1994629825434484,0.4675178726825062,0.5977812763945868,0,0.18090452261306533
37,0.9248224912285906,0.09269456038439657,0.040613755266182376,0.5706038537099911,0.36489495266841204,0.5479101740947905,0,0.18592964824120603
38,0.757096953457732,0.3630307259499352,0.2548922286675464,0.10940609812292121,0.2500095182192656,0.43863154101887203,0,0.19095477386934673
39,0.8713212207443721,0.09555856713264528,0.08387978101490984,0.6037458112618979,0.37191393385953664,0.6356373082904678,0,0.19597989949748745
40,0.7363175732503564,0.46474988354720553,0.317637146991957,0.12693556154555613,0.27785821177741954,0.26334243809949376,0,0.20100502512562815
41,0.800344118490593,0.18738098258188327,0.0529193427258066,0.6464962017326082,0.24171353990169228,0.18981373395211953,0,0.20603015075376885
42,0.7740882309019457,0.17177374512463373,0.04593684999246508,0.4617113440355045,0.24934054638491993,0.1950414221125054,0,0.21105527638190955
43,0.7497141035574544,0.16189759404239212,0.02104445301779317,0.6477091612196545,0.24830586490136783,0.18354250787166787,0,0.21608040201005024
44,0.9712554544657028,0.026818800563249444,0.008133953763027491,0.6239939304357661,0.25407648200363975,0.18447107357443088,0,0.22110552763819097
45,0.9492652080809709,0.02582148110451741,0.020870875648803126,0.7261890360318877,0.26218522905398883,0.1858434562577223,0,0.22613065326633167
46,0.857474480882326,0.3134486340019413,0.22016102383712646,0.08947721061608144,0.26416542610324295,0.17863780580616329,0,0.23115577889447236
47,0.6364708215218469,0.5410979354669164,0.3640495178133404,0.2814980874839923,0.21275549703932498,0.246903912166056,0,0.23618090452261306
48,0.8936616617301496,0.09979497330600359,0.04106496039097504,0.4997165984757894,0.24559305620765587,0.18951049125436165,0,0.24120603015075376
49,0.8420245782705412,0.12222746547965703,0.032566106379719115,0.7023735268843645,0.2528672394215661,0.18932412118202116,0,0.24623115577889448
50,0.6146793339776343,0.22159147509639157,0.27200463755435716,0.41327672532167914,0.35676094856091,0.3340042520440898,0,0.25125628140703515
51,0.8783467326588824,0.08909671584216573,0.03278491627588572,0.6821742378205391,0.252383054213914,0.1853288282140022,0,0.2562814070351759
52,0.5570510712834189,0.572289197968641,0.27383616845701947,0.1481174013301147,0.20119557980031108,0.10956931042816706,0,0.2613065326633166
53,0.8416385727560677,0.07549060715146116,0.010769161401782489,0.7943182992296376,0.2590215991592404,0.18513827902978416,0,0.2663316582914573
54,0.5176839634609743,0.8669284640829854,0.6667539761390335,0.38108255885750725,0.3044645781712297,0.37373152122507414,0,0.271356783919598
55,0.8831823455040679,0.2712363683026262,0.12237711800642198,0.05173712395580979,0.24353293468917311,0.18954139913541224,0,0.2763819095477387
56,0.8224893849600047,0.1467673826240167,0.024286610987915423,0.5110240563237038,0.2433154920304394,0.18001402279732115,0,0.2814070351758794
57,0.6595969834984172,0.5844287367877085,0.5820117353782165,0.2460215532324564,0.3055688891070861,0.3395764831984507,0,0.2864321608040201
58,0.9130219182548499,0.09012626928678304,0.03433038765846512,0.6489896898079475,0.22362804344018808,0.18546476088852729,0,0.2914572864321608
59,0.7456785802044971,0.23516544772890546,0.07719629835232758,0.5574184685800349,0.2371576464044468,0.20267987570354648,0,0.2964824120603015
60,0.3840051286188653,0.8011768604637667,0.441538221455127,0.2872062767959844,0.15184113330120916,0.17344396623794217,0,0.30150753768844224
61,0.7984953984492454,0.112689897835023,0.04960198228606186,0.6794806835182687,0.1834442919370788,0.1026485059728265,0,0.3065326633165829
62,0.8253609238602985,0.13960455071423888,0.028280753991492612,0.6578941407894212,0.18467997459097374,0.09553419404951613,0,0.31155778894472363
63,0.7363659558036222,0.14880539120788766,0.017165859712216975,0.5978172956147981,0.18303490165383698,0.09301829677693299,0,0.3165829145728643
64,0.95661978284249,0.0208208018656916,0.011904180802000433,0.757649817616258,0.19205725339010032,0.09145914431857596,0,0.32160804020100503
65,0.9709072176798764,0.02551266299867541,0.03855128464885045,0.5737039408206951,0.19123934196953304,0.08758470894131168,0,0.32663316582914576
66,0.8570999429168431,0.2347066517832816,0.21394842657667365,0.13197758029689566,0.30478372714929947,0.3134369314751544,0,0.3316582914572864
67,0.5917417732867283,0.6642491885488729,0.5039336066855227,0.36109329616216507,0.17498228976819294,0.27709234830231655,0,0.33668341708542715
68,0.8815638114576099,0.09298426589718453,0.056048819440999244,0.46198588683585623,0.18897399111405597,0.08743174108734314,0,0.3417085427135678
69,0.8997798056282509,0.07834835410764597,0.02587880203911486,0.7721706805886502,0.19548201386187128,0.10920958432559963,0,0.34673366834170855
70,0.5904543101412302,0.19055466768564341,0.1589875936721176,0.2657410218635123,0.22850708812561996,0.1846852798547694,0,0.35175879396984927
71,0.9036603845200838,0.07662297265961947,0.014545589358237465,0.8387225583654987,0.19034553588462713,0.09152775345137859,0,0.35678391959798994
72,0.6048279533658866,0.5045070495570401,0.32227729105512465,0.1383127589555787,0.1806061187082204,0.26515670965558025,0,0.36180904522613067
73,0.6811876998422626,0.48693974920761646,0.32907104606520465,0.12484351014450697,0.17706777528755277,0.24889185363998026,0,0.36683417085427134
74,0.5570194275254317,0.8422689567258665,0.37612839296493894,0.2510716037243243,0.15730038879234468,0.3182571687373195,0,0.37185929648241206
75,0.7967816543213398,0.13332804437780613,0.030051597515239007,0.009631364581414326,0.1802136435285744,0.08764643070742577,0,0.3768844221105528
76,0.8210740171381208,0.13356468538250263,0.026603060395447044,0.6611082145711289,0.18537526866392803,0.09959763546779342,0,0.38190954773869346
77,0.8484642817872948,0.1115938892962081,0.04195205137015608,0.7026071663320987,0.189279237970696,0.0958137696783167,0,0.3869346733668342
78,0.767204263502659,0.18905797996130283,0.10556051165575338,0.06182762171278932,0.18596863110966688,0.09422160414709323,0,0.3919597989949749
79,0.6724892824503185,0.17914945590631792,0.10672287944139577,0.7907250216333377,0.19049357337014297,0.12496923607738111,0,0.3969849246231156
80,0.6498743693712645,0.5058709050780765,0.2590928906837347,0.23359961574632668,0.09625988133938568,0.2304116483298544,0,0.4020100502512563
81,0.6536949697860966,0.19065648433300936,0.06914643126716011,0.6354988911532627,0.13341235966642317,0.3321856376541037,0,0.40703517587939697
82,0.7488856179508233,0.4048271868059329,0.11538755430429384,0.0615696972130247,0.11879603525892315,0.35376438855123876,0,0.4120603015075377
83,0.5902384235931842,0.3529507074014347,0.16610622514412865,0.07221563004044937,0.17701019790194383,0.3521505546528095,0,0.4170854271356784
84,0.9533663600183194,0.04632287801086545,0.007682475628966914,0.7699260160089644,0.15419200576181935,0.3117305630836637,0,0.4221105527638191
85,0.9473906353682895,0.03392722562212893,0.03640563529779109,0.6423226400299255,0.16560038509282743,0.3131288283548984,0,0.4271356783919598
86,0.8697214809095297,0.2604990337914058,0.2081519458685569,0.10140502225740838,0.17991038338697032,0.3450330757242749,0,0.4321608040201005
87,0.7405511360754263,0.18839918468800124,0.10394577564716749,0.41210776235057806,0.15255562372414797,0.3986342644368371,0,0.4371859296482412
88,0.7760255914059535,0.12361894164068658,0.050294589340350006,0.6218059098395576,0.14409298802593543,0.30302259591618497,0,0.44221105527638194
89,0.9378561446046294,0.023188699810123798,0.0251880144282597,0.6657425739207343,0.1618320166656368,0.32981927225678953,0,0.4472361809045226
90,0.48998044083667713,0.3619783203698764,0.3524700917042606,0.6375602722052627,0.2225511251371535,0.3997031919420263,0,0.45226130653266333
91,0.8848147140966159,0.0981625034329337,0.0254004587881386,0.6748533625619297,0.14734121264863734,0.3223525347804188,0,0.457286432160804
92,0.6047390118330553,0.5591530514087767,0.28687669612101224,0.24521810507042163,0.08405080253968639,0.403704470072246,0,0.4623115577889447
93,0.7859313151277645,0.19570737853649708,0.02431511417696785,0.5916795215189251,0.13051788272342427,0.3051368753470264,0,0.46733668341708545
94,0.3892218422620833,0.7908746982367929,0.6992777021691433,0.38690554288501583,0.12230484164819365,0.29174353172106676,0,0.4723618090452261
95,0.5111795543306228,0.7459360688064871,0.3346049536585779,0.20813376078075999,0.11515313529594888,0.3050785492401647,0,0.47738693467336685
96,0.8533503704423446,0.12526140789075813,0.03461210598753311,0.7387810223202912,0.14556497142438854,0.33677408955875965,0,0.4824120603015075
97,0.8741048016415305,0.08856121806917577,0.04204751493386316,0.6896740074463515,0.15340075654158208,0.310995048835333,0,0.48743718592964824
98,0.5066257046675722,0.7610786900121168,0.4615708897141228,0.2629546646590479,0.3416275448477886,0.6480852839090988,0,0.49246231155778897
99,0.5689878515160445,0.3628603998374855,0.33611143871984944,0.18367467974297497,0.20711495699516183,0.3582878370415445,0,0.49748743718592964
100,0.6142271389722944,0.5396388983100882,0.3753210029561563,0.3123058580528298,0.4313417227218868,0.5339175255853883,0,0.5025125628140703
101,0.6715138727818537,0.43894879513223445,0.45537026818811716,0.21292833071123332,0.4896396062429705,0.4105778818733026,0,0.507537688442211
102,0.8536473179713768,0.07163340985324898,0.08413153495391174,0.6312315753610808,0.3473870905309704,0.3761469222254676,0,0.5125628140703518
103,0.8332114157681475,0.12202289487025932,0.028754655641981233,0.5148628648569418,0.32213634729003204,0.38317883485286114,0,0.5175879396984925
104,0.8470772592640344,0.39592998198424917,0.32731107834644396,0.14942717708207032,0.33710557999101703,0.3906147058657633,0,0.5226130653266332
105,0.9867144739023511,0.00023587369028985593,0.004875083072079529,0.8450919293362122,0.3370744780957048,0.38208409303972957,0,0.5276381909547738
106,0.8057930837600071,0.40755872641319973,0.22168604768324926,0.08753441079047902,0.3224111672627569,0.37567660763025423,0,0.5326633165829145
107,0.8940407366025224,0.07772715772169633,0.08264196747333688,0.8522073911055383,0.343751903587787,0.3916373452823387,0,0.5376884422110553
108,0.7809066221202143,0.14237412848809788,0.0781196295923823,0.4409957335269133,0.3229601453415744,0.4401716981830363,0,0.542713567839196
109,0.7638586234097176,0.3055537404487053,0.25203015545460705,0.1653152550960438,0.3592174333320632,0.3690998295464114,0,0.5477386934673367
110,0.7393977521281806,0.14958467383273735,0.11180797285556104,0.36797520016853186,0.35686138805685974,0.4868171977514284,0,0.5527638190954774
111,0.9180101845734008,0.0397597024277932,0.012151642147197645,0.6976252202278315,0.3272851776216985,0.3714207946532503,0,0.5577889447236181
112,0.9585085700227702,0.04731877846971092,0.014426788266848114,0.743593330727844,0.34604966019414085,0.3870853575640334,0,0.5628140703517588
113,0.697981282220051,0.324836125213589,0.38263808898773166,0.3311926708507559,0.41182671399991255,0.6887191410252029,0,0.5678391959798995
114,0.6226051869851812,0.7263070863371756,0.6407641789259141,0.33219674736202315,0.3898542730577656,0.5039766344352746,0,0.5728643216080402
115,0.8813691680110819,0.04654143050339455,0.023251545957356495,0.8120063540137747,0.341669933971925,0.38958030559818024,0,0.577889447236181
116,0.8770447729949156,0.10266617167231507,0.04047743845725794,0.6600348958876023,0.3341233590277454,0.40525349868137145,0,0.5829145728643216
117,0.8773339530858695,0.08507566654951103,0.030999516480057384,0.6360061567095622,0.3377901457294615,0.41498129019814095,0,0.5879396984924623
118,0.5884298030509671,0.7238624459424766,0.470811448663361,0.32178760394467876,0.2838146727438141,0.3806823291381713,0,0.592964824120603
119,0.721927255250722,0.10843857473986396,0.11233455247891351,0.5726393548177683,0.38142388778181135,0.43185710977869013,0,0.5979899497487438
120,0.7004064796353637,0.21706736820256833,0.1041025175269145,0.08748821451469235,0.3180801773700822,0.3406175767351624,0,0.6030150753768845
121,0.7433572696109249,0.1267232192151069,0.03842319664681026,0.7743303587038278,0.32567173161560226,0.33604869842185664,0,0.6080402010050251
122,0.6406832375827505,0.538710782037562,0.2842325784725516,0.13376785859766316,0.2191377543002308,0.25599677094450035,0,0.6130653266331658
123,0.5348711288285602,0.6264327237743306,0.17235293647052322,0.11457659376080265,0.2966043157327943,0.31506637197949633,0,0.6180904522613065
124,0.95661978284249,0.0208208018656916,0.011904180802000433,0.757649817616258,0.19205725339010032,0.09145914431857596,0,0.6231155778894473
125,0.8780625640521249,0.12031641236558364,0.18034262395340378,0.3298784264782456,0.370638137995572,0.3844834412818376,0,0.628140703517588
126,0.8417328745700933,0.3680946301494755,0.32598166112948873,0.16472217855487717,0.4717115688292826,0.3495846777011114,0,0.6331658291457286
127,0.6628930805916929,0.48681104011813425,0.4156471085311395,0.2191595587371844,0.5096351549483941,0.4740074514540648,0,0.6381909547738693
128,0.7744241059362209,0.1404625541640977,0.07604529466119925,0.5587249621690077,0.326726530768983,0.34699264242608024,0,0.6432160804020101
129,0.8874262656082854,0.07835536334631225,0.0461692901337417,0.3184422415529803,0.3335964422939319,0.31502393115518523,0,0.6482412060301508
130,0.6183284886428118,0.18463222007740163,0.19555002065257537,0.36541986281528743,0.33323952746676083,0.44027647515733026,0,0.6532663316582915
131,0.8812818080627393,0.10718099785095574,0.020849747606979354,0.6291127953187399,0.3208135320098545,0.3267831075678799,0,0.6582914572864321
132,0.7858280397373579,0.10751423683520436,0.020807526241275884,0.6318822978261445,0.31556532787035907,0.33389951190170936,0,0.6633165829145728
133,0.9372118268980406,0.050354293904898983,0.010363560739622274,0.6868441755763546,0.33960003763511654,0.3263327510387598,0,0.6683417085427136
134,0.4789913088032409,0.7817291014848194,0.8506369828207379,0.38504773551528226,0.43774132104823615,0.6714725866125505,0,0.6733668341708543
135,0.4415774552171036,0.8466283497490663,0.5968694478659272,0.3989996216608919,0.32414975143959474,0.7460338522005291,0,0.678391959798995
136,0.7233753873080956,0.5138523148817465,0.30395577101902715,0.14454287640535843,0.23167629580848778,0.28130099394369706,0,0.6834170854271356
137,0.8363608585873511,0.11984972246135214,0.04730180367172194,0.7022437183607513,0.32608719510278456,0.343885190588074,0,0.6884422110552764
138,0.8031349731492349,0.2093000668278743,0.02756744248384808,0.423772791596737,0.3253998086936454,0.33740914078257495,0,0.6934673366834171
139,0.7966839854064738,0.1473513624692517,0.05740440917012664,0.7190592359011155,0.330556660732278,0.36429633760836455,0,0.6984924623115578
140,0.8443908506101799,0.09029298935519722,0.030464906451723527,0.8026745573324354,0.4401290450222785,0.2567006701957529,0,0.7035175879396985
141,0.2917279637641801,0.7751771922822813,0.4313342209300201,0.2630660853153503,0.29118495515194226,0.3031309175093977,0,0.7085427135678392
142,0.7871434840212603,0.0986509491913614,0.04362652035035135,0.8204095940867647,0.441494661902178,0.25038851394883554,0,0.7135678391959799
143,0.29740063176871134,0.9682477544796118,0.7704903656299525,0.4174306464272492,0.3705201527787018,0.43843013700183037,0,0.7185929648241206
144,0.8914848437724645,0.04608470744605375,0.017150721022987633,0.6663410173862108,0.4362336929953872,0.2418347491124242,0,0.7236180904522613
145,0.9254450534398366,0.04220945295211784,0.023030827814071498,0.4680814030468018,0.4385414163801488,0.2442767511024688,0,0.7286432160804021
146,0.8196887136620952,0.3971616264504191,0.4930665453060938,0.2818990163803511,0.5367583537779296,0.5317747720365377,0,0.7336683417085427
147,0.7475464739274444,0.15446840727376152,0.08689861345143758,0.8822273054067846,0.4187942349902825,0.24475406848550438,0,0.7386934673366834
148,0.9511956485899211,0.03592974887948775,0.030721997211959343,0.8892328189265427,0.46609606540747994,0.24556258855703786,0,0.7437185929648241
149,0.8564477141120402,0.1023318283342967,0.02151188590838637,0.7086195236059497,0.4332362598700089,0.23818136488900452,0,0.7487437185929648
150,0.475716092790382,0.32267808941756365,0.4324413309281045,0.44477286761075385,0.4909905175734257,0.571246385547036,0,0.7537688442211056
151,0.809413224902746,0.12720848442066068,0.025376347081524784,0.7693679327361334,0.42547456782107124,0.2518280245262582,0,0.7587939698492463
152,0.7566628571121589,0.21083574994571552,0.031066433498929555,0.7396521787278496,0.414754557850351,0.24866263325678958,0,0.7638190954773869
153,0.822943455404582,0.22139123674309108,0.14955586202840926,0.16920525157631394,0.3713084176862595,0.2855119982340264,0,0.7688442211055276
154,0.07511646625549061,0.9456357790700743,0.8424740662921186,0.4832051797942645,0.3776238228398893,0.4443701337681045,0,0.7738693467336684
155,0.6000970911906149,0.7016888222641241,0.38902400642729135,0.2222011692473075,0.3208372248856316,0.41352740299171803,0,0.7788944723618091
156,0.8649337976536028,0.0744114612665966,0.05220502345407735,0.6997166679826495,0.45743000807790835,0.26371456209945143,0,0.7839195979899498
157,0.9369924122029925,0.0804049412674761,0.027742481401714026,0.6043206636681037,0.4311984415668478,0.2445286554293701,0,0.7889447236180904
158,0.6614944918929622,0.5370102532592178,0.37854148955375105,0.1585778467892675,0.3300914846724859,0.40235301504791793,0,0.7939698492462312
159,0.6995740397643416,0.17158940967042755,0.15773136538334848,0.8671261054420667,0.43458040026717804,0.290668780769376,0,0.7989949748743719
160,0.5765598733769497,0.4683361535258028,0.24726491747643511,0.1887790020457794,0.1463085269777109,0.4131240683564482,0,0.8040201005025126
161,0.7174467147358127,0.21538912489943615,0.060352213467193334,0.6815325112121904,0.12496035549202707,0.4861527490785126,0,0.8090452261306533
162,0.7484315103689808,0.17494927036568914,0.03623247306549353,0.4630424012939838,0.13751293666080353,0.5219230019319872,0,0.8140703517587939
163,0.843279438928224,0.14188143145512755,0.025733466477868228,0.5741022078338669,0.13015831693341615,0.5034815502400801,0,0.8190954773869347
164,0.8881948826837259,0.28983639802062444,0.20470570400586927,0.08691141496250596,0.18920608912756273,0.24112727210690643,0,0.8241206030150754
165,0.9237826324273601,0.03906762306929456,0.015472728858993277,0.6084107431764063,0.1423995333630638,0.5163300434766414,0,0.8291457286432161
166,0.8691918579378347,0.3142952257526842,0.26222574732774695,0.09156858532327004,0.19269755634296434,0.18527902607961055,0,0.8341708542713568
167,0.5395686429196851,0.6521548371920042,0.39226393360670353,0.2499477906630436,0.1707379675697239,0.25524781707262884,0,0.8391959798994975
168,0.8140943137535256,0.1389308575057227,0.05756013235755941,0.530822082579616,0.14389324774662288,0.5804441532722527,0,0.8442211055276382
169,0.8945924029880109,0.05923901479855786,0.022434715626438576,0.8095316594822868,0.13834148700501778,0.5260876854813792,0,0.8492462311557789
170,0.5936027897997299,0.3375392222252434,0.3656885031328884,0.37344998044575817,0.31311715473219925,1.0,0,0.8542713567839196
171,0.8636375791125995,0.06342983433740602,0.0077649644920207124,0.5917703643679175,0.14116462491469875,0.5302668643320818,0,0.8592964824120604
172,0.5995232807669274,0.5243353963052415,0.24644158705028998,0.1385747114694268,0.1283372498061239,0.3134456765109354,0,0.864321608040201
173,0.8958885393439452,0.13031892719714216,0.011617626978181297,0.5814644869677125,0.11005824766749846,0.4971646181658309,0,0.8693467336683417
174,0.7823986129823588,0.23827571737324227,0.11490208709633314,0.03911334722017453,0.12566826037877174,0.4812852456139781,0,0.8743718592964824
175,0.7314973425028539,0.4793476471782406,0.14632817186284422,0.08088877815842613,0.10593049991188958,0.25203390786250446,0,0.8793969849246231
176,0.8034868701455755,0.13563382833305523,0.03412391572058395,0.5133160637927835,0.13076551290262173,0.5250834777119308,0,0.8844221105527639
177,0.8642584471579398,0.09318262425598613,0.042379700943442074,0.7073657782993464,0.14283801802010201,0.5995584301816954,0,0.8894472361809045
178,0.9078011381745903,0.06505305499794949,0.01923329760799044,0.3697863215427294,0.14355898635451023,0.5323154667902937,0,0.8944723618090452
179,0.7569744144180562,0.19232347983542386,0.07661450298026812,0.7938079706475725,0.12067263556053066,0.528972165044831,0,0.8994974874371859
180,0.7079056614416448,0.4235180265779796,0.3701846018057783,0.15743331851253825,0.31499629031879606,0.1386682637431417,0,0.9045226130653267
181,0.6743096615540357,0.2112000725481721,0.07103614427281058,0.6473602748771002,0.3911873621882453,0.016536112838522046,0,0.9095477386934674
182,0.8025423082702627,0.18714236740256085,0.037184754169587796,0.7250543026949234,0.40184974579052457,0.0026705008093446357,0,0.914572864321608
183,0.7756595801992422,0.17102040823225745,0.038046020223535704,0.829688647700038,0.4146648940642301,0.011412518336889067,0,0.9195979899497487
184,0.902882613586157,0.0865829435322121,0.017409746655107385,0.6617399457909061,0.43233514904650244,0.003963910081414161,0,0.9246231155778895
185,0.9321158662478373,0.03820191215483597,0.010487023182661455,0.6615128247672639,0.4532586358817486,0.005862701951483125,0,0.9296482412060302
186,0.8948772809296833,0.09896892331377938,0.03133017718989363,0.5515952304455177,0.4448385879618373,0.007801666021681459,0,0.9346733668341709
187,0.6593687614124077,0.2823011759416137,0.3398946401645633,0.28316523391463166,0.4102647723470075,0.14259880208741213,0,0.9396984924623115
188,0.47912495462119425,0.7333510734977728,0.6170869319537023,0.355460546522562,0.42080626286182665,0.19511664502230583,0,0.9447236180904522
189,0.9014037900023174,0.05183617881327733,0.046385939463177976,0.7214446343116147,0.45393414117223696,0.016111728431481974,0,0.949748743718593
190,0.6542946566678735,0.2556653991129462,0.33714254097112223,0.4146144949620767,0.39716330877207395,0.12294538436354173,0,0.9547738693467337
191,0.8226221757489756,0.09623915212887137,0.021673578156521482,0.7074812477741348,0.4309147527490708,0.00553629401914135,0,0.9597989949748744
192,0.8397419119406138,0.06725965334969576,0.03763845724194532,0.6389859660664375,0.4702822432268957,0.0049974971372170355,0,0.964824120603015
193,0.7495705099712849,0.12002010575447027,0.026479957021157838,0.7477116257573194,0.4301426404446595,0.00015801767075057882,0,0.9698492462311558
194,0.4649346171619373,0.8564291459007374,0.4485539435796944,0.3179810579714816,0.2998332058501924,0.0717917803333776,0,0.9748743718592965
195,0.8619524742453788,0.11471521793931835,0.0216194335296621,0.6920237770892279,0.4061446013303961,0.0,0,0.9798994974874372
196,0.789857499775379,0.14750504992979607,0.05398950924805652,0.6666197702167074,0.40018719275373155,0.012189893037508717,0,0.9849246231155779
197,0.7111076005153855,0.5897034616447556,0.4485223454983475,0.23156455031634876,0.32758137848326013,0.18104864902459225,0,0.9899497487437187
198,0.8622622685464948,0.06803148071962027,0.020105973435237744,0.5963263924928779,0.40920998354090005,0.0005753769948751579,0,0.9949748743718593
199,0.6466038190360661,0.18413623203626478,0.1295924429532996,0.6107000928193239,0.4268897675087007,0.017094838503934607,0,1.0
200,0.9200587880697001,0.022933046772857124,0.03867954144738857,0.9276174167416059,0.861354210651877,0.31312660815767007,1,0.0
201,0.9397389507100374,0.061036661022604986,0.06804703279425967,0.7791198265758295,0.8769732586628599,0.3107049977869464,1,0.005025125628140704
202,0.9315114902567415,0.030846853382647033,0.0280834481821035,1.0,0.8775000786865297,0.3163160723633348,1,0.010050251256281407
203,0.9823171896667372,0.022449643476350336,0.042424528984048866,0.9195313458220131,0.8631957756696085,0.3131892962791371,1,0.01507537688442211
204,0.9985607660218053,0.0022959902545772906,0.008399169213108263,0.787062771546792,0.8747740268470408,0.3111558898173179,1,0.020100502512562814
205,0.3759436377705249,1.0,1.0,0.7427182607429527,0.626821309339031,0.40871610569335465,1,0.02512562814070352
206,0.9318242805521179,0.11821427550400948,0.15127918991573633,0.12335616318748105,0.8638574638670486,0.3131998922663282,1,0.03015075376884422
207,0.8388605948342253,0.10613549985234114,0.18854548416726952,0.896878522357867,0.8616378528997195,0.3117207658137299,1,0.035175879396984924
208,0.538142805964707,0.9621530676253948,0.5303437949933008,0.40341000399048743,0.7398174442813173,0.42652027488833366,1,0.04020100502512563
209,0.8076998729988404,0.11477212087179788,0.15181518844284433,0.6810087489858747,0.8826630154870897,0.3314281929566671,1,0.04522613065326633
210,0.8942661721211203,0.08039396481416095,0.18460655548883706,0.6377491843812654,0.887760800097543,0.32080736342967114,1,0.05025125628140704
211,0.9642091668171703,0.03148527882889985,0.031064025547351815,0.7630971810130216,0.875010454552712,0.31131970139552356,1,0.05527638190954774
212,0.9901101150669983,0.00021456902353392187,0.016553290106481235,0.7380542955398101,0.8699375361444625,0.31076760355890454,1,0.06030150753768844
213,0.6048486701408129,0.8512582506235935,0.9459974359839401,0.5513346641489398,0.7874537079776694,0.46540604076727327,1,0.06532663316582915
214,0.6826868149324669,0.6072850106540584,0.26569231399646964,0.19466913748783995,0.03087076063606929,0.1824067983044872,1,0.07035175879396985
215,0.9958059637487341,0.011638688423702309,0.013630760244349947,0.7532887189320061,0.8728097865161524,0.3113307876507072,1,0.07537688442211056
216,0.9522282349927161,0.16958781445119595,0.22530491248979484,0.1577299189970925,1.0,0.38047181561893034,1,0.08040201005025126
217,0.8832782625800499,0.03817100381711916,0.056439285748504646,0.7541827658291362,0.8836527750972385,0.3154084753191044,1,0.08542713567839195
218,0.39677985189180864,0.8529784715552924,0.9758153000405798,0.7015690195291224,0.691663708520864,0.40484166716240044,1,0.09045226130653267
219,0.8602248363817866,0.11825551973322088,0.14664975116875517,0.8084185015550404,0.8594964738268245,0.3224353649265684,1,0.09547738693467336
220,0.8000442288297183,0.14687048068357839,0.034856702411377775,0.581984685035968,0.25926276584467906,0.2597411752785255,1,0.10050251256281408
221,0.7615040009331414,0.24737519295139007,0.0345272979632575,0.5546923618605777,0.029351891104780432,0.13000501619456709,1,0.10552763819095477
222,0.7462440286437682,0.1567063946743176,0.0336639409970714,0.7293733212225724,0.23535552433898688,0.25532673890244784,1,0.11055276381909548
223,0.7916013182467934,0.07931589794575053,0.021088166490087826,0.5625709091585647,0.25459417213843,0.25681498646061734,1,0.11557788944723618
224,0.9713074349259854,0.027220400694555204,0.008184237207089943,0.7558631244919484,0.27869120973638917,0.25718961071902335,1,0.12060301507537688
225,0.9254590458440672,0.07208004856857733,0.06431582406051198,0.4835770442645983,0.2921881442228374,0.27092472689016617,1,0.12562814070351758
226,0.7788234448454339,0.45339292072640924,0.5416740906580066,0.26556590948690306,0.5199243118846144,0.7586761730233824,1,0.1306532663316583
227,0.8429753562407256,0.10306500851160373,0.09047921397160863,0.6752989937722503,0.2610845222326181,0.26749153464970243,1,0.135678391959799
228,0.6168667035757459,0.4754228441474222,0.320482101634488,0.2687181608731846,0.2758494541456398,0.2934604658192193,1,0.1407035175879397
229,0.9216665297002048,0.05222261829193224,0.04909961580988735,0.7229736563368949,0.27866443921081135,0.2733518242769812,1,0.1457286432160804
230,0.4893572403982939,0.23907007100133773,0.2831631855621839,0.5237771887120035,0.1144199958401605,0.36268511874969933,1,0.15075376884422112
231,0.8210429222632282,0.11458274681854458,0.031540455296890035,0.5909667355731277,0.26132238401627306,0.2593968823554715,1,0.15577889447236182
232,0.6179831824537015,0.5850457579919532,0.40880458969558486,0.22411473183872677,0.2231675347983462,0.43057517044999566,1,0.16080402010050251
233,0.6788955609138411,0.6197726765131352,0.4072865627810871,0.21959853435297153,0.42701478209229027,0.47144558774493117,1,0.1658291457286432
234,0.6349326112386457,0.8111894332352194,0.43510948790855647,0.28451291335393253,0.19853712321331513,0.2727624355450484,1,0.1708542713567839
235,0.5813619280524603,0.7856335338318675,0.5980179671485383,0.39882852271633096,0.2322374262768261,0.37421104495712937,1,0.17587939698492464
236,0.6576235382051949,0.5484828081506605,0.42812560546357575,0.194460309898498,0.21543348539763155,0.3318865117059073,1,0.18090452261306533
237,0.8334601542645458,0.10399013648695754,0.06650217861335825,0.6711885889385371,0.27452249261094375,0.2857940855129572,1,0.18592964824120603
238,0.5392849117476014,0.7185388165778576,0.4136820500408511,0.31533773857368563,0.399532547310332,0.41806320845657813,1,0.19095477386934673
239,0.7274360751685901,0.19469885346793667,0.14802067421095516,0.14989430879496388,0.24479101807259931,0.2596432092652107,1,0.19597989949748745
240,0.8802536706836059,0.10013232592629841,0.06436487132160194,0.7242566450466319,0.27707786644783133,0.3866353395933696,1,0.20100502512562815
241,0.7475472287297956,0.1867999453585116,0.06836060901360477,0.5391441714973962,0.2757867912451979,0.399968426413079,1,0.20603015075376885
242,0.8498112194157308,0.0733067246129765,0.0657074918025736,0.5945942767802184,0.2926139986989425,0.41662096539467824,1,0.21105527638190955
243,0.718661951975646,0.17874361102493788,0.041281615599207226,0.828877205536877,0.27597600367706676,0.4179842752511387,1,0.21608040201005024
244,0.8862539218395695,0.07086916818536956,0.03273161034320452,0.6785299586194447,0.28317355364986824,0.4149106540666498,1,0.22110552763819097
245,0.9418840643214478,0.031997394919919105,0.0333090954890492,0.6258405516051175,0.2974527018223478,0.4100868581555002,1,0.22613065326633167
246,0.8287789118184281,0.4036655020550627,0.3831312691374283,0.1535199000959447,0.479189817962922,0.7428162891970777,1,0.23115577889447236
247,0.5937802529105531,0.6574334587551964,0.5096243915779103,0.3081696779908592,0.4557260519008022,0.8290342328964145,1,0.23618090452261306
248,0.6626800458036035,0.15874484657825058,0.13282752107029144,0.5071705958591503,0.3077643950907383,0.4831017136341379,1,0.24120603015075376
249,0.9488808869674523,0.02863111497543271,0.036303651583756695,0.6056545471254505,0.304850752682459,0.41513392885823197,1,0.24623115577889448
250,0.5387079431223049,0.29111018957540263,0.4551768025828543,0.6596742086931388,0.32737834443933084,0.7351084622755307,1,0.25125628140703515
251,0.9120690153529094,0.0630387672112643,0.01920508610901426,0.7285722248627269,0.2901505704670627,0.4162131128075698,1,0.2562814070351759
252,0.537604633415368,0.6481536909431996,0.4236424635544063,0.30219194541086053,0.23656803745447935,0.5100793414034328,1,0.2613065326633166
253,0.5656290234807173,0.7338797060440228,0.4463060490267834,0.3452730685289436,0.23846429849708836,0.737424875965872,1,0.2663316582914573
254,0.6737696848163536,0.47753416912813973,0.4450338795947148,0.15974694998521202,0.4320904964853217,0.7483061214618931,1,0.271356783919598
255,0.5432404431755155,0.8409079279689442,0.5071043109735786,0.3544951871925049,0.25123337303794974,0.6286891054373748,1,0.2763819095477387
256,0.8547907260475874,0.11301621201320647,0.06673364472996507,0.4668534672330029,0.29246666416478145,0.42351628303933975,1,0.2814070351758794
257,0.8943849006111454,0.059069782712111135,0.05561775975931351,0.7420594944189158,0.28196757241226345,0.3975709537029564,1,0.2864321608040201
258,0.9739895658413262,0.02964021577193253,0.019111538100390374,0.7989743456691324,0.3020553169206085,0.4179137920543539,1,0.2914572864321608
259,0.8439261263686958,0.11647522254176605,0.07479134246126715,0.7331756045505525,0.27970548451621013,0.41570183511415326,1,0.2964824120603015
260,0.7279221555877431,0.49911230426074554,0.3543925917335518,0.17410466527766785,0.3233485253217458,0.4674847782721583,1,0.30150753768844224
261,0.7061276994396579,0.1626327858279954,0.04778404929772258,0.738494554563636,0.25492090742626994,0.5909396298835464,1,0.3065326633165829
262,0.6091769186938758,0.5222529746510962,0.3299851454913577,0.1495283654546627,0.27188007126255775,0.35440289062849534,1,0.31155778894472363
263,0.7020443878932067,0.2146424265533787,0.0310156666186991,0.5230478418156294,0.23994545800824388,0.5866529238749352,1,0.3165829145728643
264,0.8711084074785593,0.06141628755419337,0.010493251720413486,0.6352298659941421,0.09309258817413044,0.417153378436882,1,0.32160804020100503
265,0.9353954116845581,0.035717304454455916,0.028009535790650998,0.5875189484743996,0.2638767617601165,0.6064962171205383,1,0.32663316582914576
266,0.8690445231190742,0.22978098687068912,0.1398922393932874,0.04130674409482409,0.3094658773879913,0.6698629530489384,1,0.3316582914572864
267,0.5874224121885879,0.5907160351186992,0.3542845133260084,0.2580047204923778,0.33020941980436586,0.7246746054768998,1,0.33668341708542715
268,0.7590448034927854,0.10909907372004418,0.10985992762362759,0.5846327407307552,0.2664970541483956,0.5814531641984453,1,0.3417085427135678
269,0.9138184309192071,0.06622431674281345,0.03748898706774742,0.8753181890055629,0.25430947096397793,0.5765783267291694,1,0.34673366834170855
270,0.6910978088875027,0.23267414239090428,0.2653823533096254,0.4777617095447905,0.32861015804888805,0.8523157588339058,1,0.35175879396984927
271,0.8674476959018332,0.09128049892560297,0.03125467657292867,0.7523742571861564,0.25966584827753286,0.6099520749616811,1,0.35678391959798994
272,0.7170520697251602,0.15321917945071162,0.02600723998699027,0.7491150360924865,0.2505184379440803,0.5841305433440181,1,0.36180904522613067
273,0.8016577053467285,0.4571558147591777,0.17436533404686894,0.09448500046106847,0.26595226713943737,0.5966882940299935,1,0.36683417085427134
274,0.7704706495336068,0.43353646316803773,0.3121049906011578,0.10970476525000804,0.19260043038721775,0.24119238637486626,1,0.37185929648241206
275,0.7823016317609207,0.3815933198613671,0.16311650120380636,0.08717681432449415,0.2610948191164979,0.5891970061753466,1,0.3768844221105528
276,0.7842627799764984,0.16594110966711006,0.03501699085580377,0.5096137438712247,0.24420400635017298,0.5805770489402345,1,0.38190954773869346
277,0.6792079705471294,0.5721981705917789,0.47684389716422304,0.2887234144616753,0.22633912935396328,0.5337210535390725,1,0.3869346733668342
278,0.5904555741255975,0.5889544978248487,0.3304306700030679,0.2084119045401908,0.1786767331428766,0.46622750065229357,1,0.3919597989949749
279,0.7223554035801387,0.19502698166349045,0.09053337254395886,0.7501649627780351,0.24748626185222908,0.6124836836158968,1,0.3969849246231156
280,0.6921225014876604,0.4392176158167571,0.22189972770076158,0.1431624044425248,0.019655324656354944,0.08981604441777227,1,0.4020100502512563
281,0.7615040009331414,0.24737519295139007,0.0345272979632575,0.5546923618605777,0.029351891104780432,0.13000501619456709,1,0.40703517587939697
282,0.7885551625320518,0.23225812924090072,0.029771805622790505,0.5836788728741009,0.02807466512092765,0.11125059550475161,1,0.4120603015075377
283,0.510350102852667,0.697969360908233,0.13543936018768132,0.08321407503441673,0.0,0.10768405428018284,1,0.4170854271356784
284,0.9347657283223482,0.05314470024664876,0.010381881592103605,0.6288565326796103,0.05096347950260024,0.11232095326475142,1,0.4221105527638191
285,0.9254590458440672,0.07208004856857733,0.06431582406051198,0.4835770442645983,0.2921881442228374,0.27092472689016617,1,0.4271356783919598
286,0.7687685384427225,0.5310318839177509,0.4732135600834916,0.19287440834899072,0.06426007316484222,0.13083089016497254,1,0.4321608040201005
287,0.7834487023261847,0.14251535562744952,0.0797977230913308,0.6734451067541332,0.0516397302828391,0.12836648801305164,1,0.4371859296482412
288,0.7500383763484004,0.1620556655383189,0.05875504468052342,0.45761835533104134,0.049557501159063586,0.13371913977190197,1,0.44221105527638194
289,0.7324947184909413,0.36904587390488736,0.1351399039962481,0.08614936087842961,0.04449008505487158,0.12692437824724115,1,0.4472361809045226
290,0.4893572403982939,0.23907007100133773,0.2831631855621839,0.5237771887120035,0.1144199958401605,0.36268511874969933,1,0.45226130653266333
291,0.7705978040144917,0.18601940150314858,0.026108399317166117,0.6766713378525786,0.036377257994762324,0.12831761556383395,1,0.457286432160804
292,0.6238092759468534,0.5678868990091406,0.270130065457912,0.17326570638343766,0.1691082259688968,0.3307756379290896,1,0.4623115577889447
293,0.7492475376314074,0.1841850994080561,0.01585976285867275,0.5996504415088771,0.0314997512350715,0.11081881019594483,1,0.46733668341708545
294,0.6826868149324669,0.6072850106540584,0.26569231399646964,0.19466913748783995,0.03087076063606929,0.1824067983044872,1,0.4723618090452261
295,0.6717785223102501,0.6314951815905326,0.29969807083392214,0.18674988831060552,0.16893811503890546,0.4931540688932841,1,0.47738693467336685
296,0.7483083555723793,0.35039623513195844,0.21360023899241345,0.08668816273464569,0.1484627065069092,0.24417979513865445,1,0.4824120603015075
297,0.8498973104611944,0.11015973219487488,0.03645885335551166,0.6952246551232867,0.05183080053543387,0.12282525104959198,1,0.48743718592964824
298,0.7971082830835845,0.5162764100445246,0.2865330394778542,0.1605148049641168,0.18919784806961434,0.4757604924611209,1,0.49246231155778897
299,0.8075472221977271,0.18472131674030248,0.05785121291340151,0.6544725213481593,0.030409674438246374,0.13185647856995497,1,0.49748743718592964
300,0.8953758777841656,0.09170302671895272,0.031041879187051837,0.505048003085635,0.09743963782753191,0.4119482609358927,1,0.5025125628140703
301,0.8501710229133955,0.17593387478550726,0.05812757660325056,0.5556710899403826,0.08170567267075761,0.4004178854335229,1,0.507537688442211
302,0.8050948463337604,0.14086104116181697,0.028583459135650583,0.6610720714385186,0.08990109934192524,0.4249593057229985,1,0.5125628140703518
303,0.46056077992506045,0.7341041187460612,0.3521572974132579,0.2766037040671948,0.06850635688884495,0.3058293532195804,1,0.5175879396984925
304,0.8711084074785593,0.06141628755419337,0.010493251720413486,0.6352298659941421,0.09309258817413044,0.417153378436882,1,0.5226130653266332
305,0.9649292390806093,0.026486619904505113,0.03675883212729103,0.6391804443800071,0.11013269002109709,0.45622721583706544,1,0.5276381909547738
306,0.7671327567795482,0.43099343236521015,0.4636536267788903,0.2518018711290265,0.17221070644597355,0.4573287592640045,1,0.5326633165829145
307,0.6780006866762528,0.3583473745897552,0.38144543785949675,0.2896240694508803,0.2380323121755147,0.7615615801609559,1,0.5376884422110553
308,0.7671761563839744,0.18511684101855572,0.03381198254854854,0.5020496906494404,0.08943260940616099,0.4286771784651481,1,0.542713567839196
309,0.912088093836929,0.06664902950886947,0.017114549150667537,0.6793145046479097,0.08937793156639645,0.40973899404925557,1,0.5477386934673367
310,0.6679872997828954,0.13647046464918594,0.10661169474470819,0.5629268140138043,0.11121806946762673,0.5082578163443545,1,0.5527638190954774
311,0.8564274827634059,0.12586394256978417,0.03307115462973044,0.7569011669351858,0.08775282936884836,0.4285111147027856,1,0.5577889447236181
312,0.958081931624877,0.019454902046674664,0.013864422588264244,0.5362685032164214,0.10086812381217468,0.4346286552330959,1,0.5628140703517588
313,0.5862387127393736,0.6678367041571813,0.3452974740016468,0.2595557312014938,0.0934318436303686,0.30730132966841905,1,0.5678391959798995
314,0.658140642453843,0.42652996840397467,0.26898660611392056,0.09923910995727962,0.22287750467318776,0.16993769131261882,1,0.5728643216080402
315,0.6102738465914531,0.7468487884994376,0.31690373531622645,0.20482451064210574,0.0383228259920832,0.21560618766553946,1,0.577889447236181
316,0.7450433842741391,0.38356398430608496,0.29519229216335985,0.12439324287346844,0.24751001393318747,0.3430892080025349,1,0.5829145728643216
317,0.6998841152778595,0.538876993157402,0.409987474493443,0.1874627730746898,0.24279007475805425,0.5177710214485014,1,0.5879396984924623
318,0.8097069629346295,0.19596030501165615,0.03061874304579491,0.5627542164876445,0.08392302085929045,0.42264470365905743,1,0.592964824120603
319,0.7823047948656341,0.15096828252585284,0.07481458485056884,0.7040366743150683,0.1048562934043965,0.46215488813631944,1,0.5979899497487438
320,0.6282826104399122,0.5034822693690952,0.35790026187512375,0.2430632979563649,0.06228611852450371,0.24818858628273552,1,0.6030150753768845
321,0.8298139224828033,0.1602863892826857,0.04703172553434054,0.6279373699895952,0.06590815406733236,0.2647451129445642,1,0.6080402010050251
322,0.8172460856421906,0.17074599351516462,0.028564706288151238,0.5174867813808365,0.06684183854039916,0.2791781794529253,1,0.6130653266331658
323,0.6473705651144547,0.29171058137195427,0.17974844050483504,0.07210368641225405,0.07367312191381693,0.28908509261306253,1,0.6180904522613065
324,0.9238643541967485,0.0940328184508489,0.01652735641282998,0.5887429862726172,0.06815075000767959,0.255286905404354,1,0.6231155778894473
325,0.9370735027928935,0.030230258413571808,0.019019979568429265,0.6674136369576418,0.07741977295724618,0.29651609321380884,1,0.628140703517588
326,0.9240706418220884,0.06476509756703462,0.01937099431465255,0.6656655693489474,0.07226472629268697,0.2653550205547246,1,0.6331658291457286
327,0.6302031323078829,0.5419801112795837,0.4649798159981139,0.2162473435491175,0.16922192253106413,0.5344976968112654,1,0.6381909547738693
328,0.7671761563839744,0.18511684101855572,0.03381198254854854,0.5020496906494404,0.06597402680228617,0.27448757461922163,1,0.6432160804020101
329,0.930640652683194,0.037890397938506196,0.04641674154062245,0.7730786615230184,0.07523113534223443,0.2868925424137396,1,0.6482412060301508
330,0.7153870881474378,0.1598075763390222,0.07697092618588915,0.5597949799753342,0.07740282090615806,0.34301142892185976,1,0.6532663316582915
331,0.8581013296918213,0.0799107538031318,0.02810940674500233,0.6627075421019661,0.0750449827806688,0.2717133389723075,1,0.6582914572864321
332,0.6528709762642455,0.23687431577798232,0.043157929730294135,0.07205359255149019,0.08472806055760572,0.2729685143536617,1,0.6633165829145728
333,0.6624837981511645,0.6453116215862652,0.33908862055781136,0.2351317985402027,0.0544961015612091,0.2169513799077686,1,0.6683417085427136
334,0.7486051539340918,0.4737259077204627,0.18404081980925985,0.07024563580702582,0.06752007933518771,0.25732012638232643,1,0.6733668341708543
335,0.6083186518153998,0.7067966840293803,0.3408693434614892,0.2199215901640717,0.04033085547829913,0.18962467689875578,1,0.678391959798995
336,0.7674474128311701,0.432806596529987,0.3222865521162895,0.14208724811771858,0.20208789841844865,0.5078503416349411,1,0.6834170854271356
337,0.8624529502659226,0.10655759767545846,0.04099403215226446,0.4983291799372693,0.08272602323095847,0.29464591314492133,1,0.6884422110552764
338,0.6941010213173399,0.5948486901875653,0.5130591510886814,0.18864646519786205,0.2755514986385357,0.5434149513384436,1,0.6934673366834171
339,0.6281563255969298,0.566613555127711,0.369121658765748,0.20277078277108,0.07447280397044106,0.26467310482473844,1,0.6984924623115578
340,0.8963936004899626,0.054816681979493596,0.03886721822094538,0.818989666487505,0.6830516608807161,0.2408664758825654,1,0.7035175879396985
341,0.6338871547599044,0.4784384131014987,0.5305698163646819,0.2665722726841801,0.7999173637929433,0.4045919925896805,1,0.7085427135678392
342,0.8160922781963421,0.11322707519149502,0.04408845612310624,0.653695075237882,0.6575016575206792,0.24223439257940363,1,0.7135678391959799
343,0.8944654233747206,0.04714765880563069,0.04063686193613647,0.9009379488447968,0.6705466556603951,0.2423232986943869,1,0.7185929648241206
344,0.9814248946322817,0.0,0.011608321810411774,0.8220620070277268,0.68438426707505,0.2350659172756679,1,0.7236180904522613
345,0.8780784216093946,0.25145230518679124,0.23955177212205483,0.3510544696824664,0.5878652954095006,0.2757199670187462,1,0.7286432160804021
346,0.8355897651561919,0.33581115457912164,0.31022720576885815,0.21177985789589407,0.8614410360152628,0.3819308472837105,1,0.7336683417085427
347,0.8341299033190028,0.09270125815378304,0.11132964136659239,0.8704293850997022,0.7218964330800922,0.2486483229899305,1,0.7386934673366834
348,0.7778422309458787,0.0887028343925074,0.06595681753913443,0.7750697379200141,0.6811875911922863,0.24416114390917448,1,0.7437185929648241
349,0.9092173419286161,0.05898230591554406,0.06760955716268384,0.6069728558328433,0.6980605517336641,0.24361042980749542,1,0.7487437185929648
350,0.0,0.5167499955961147,0.9530368822173448,0.6464594206825452,0.6256993336278874,0.45477563889038514,1,0.7537688442211056
351,0.9778595284201383,0.0010755144759565286,0.007935796988657694,0.8018343666168987,0.6950619795725385,0.24160558907157254,1,0.7587939698492463
352,0.9824506263922175,0.010985398748143785,0.008241643208603166,0.6477503436441062,0.6875619022117371,0.2419781629715599,1,0.7638190954773869
353,0.9392109306416923,0.04242472733247886,0.010151356674187926,0.7909083632883154,0.6499654777387552,0.23922709063443406,1,0.7688442211055276
354,0.5879686739223741,0.6563249215920658,0.582790395464644,0.29589408573469134,0.5134905155473255,0.3724244632409353,1,0.7738693467336684
355,0.5171113057716952,0.7803719411944228,0.4945437516382223,0.24690707516413754,0.37059972586910933,0.3130737350352616,1,0.7788944723618091
356,0.8295286235095131,0.09537547566400391,0.043263655178421845,0.676584069170412,0.6984783243475362,0.24447506910023106,1,0.7839195979899498
357,0.8827108805422792,0.07351827322485141,0.03998308977034649,0.6740412513861622,0.7053971127179975,0.24434038109332823,1,0.7889447236180904
358,0.9270110088789966,0.03493753829114413,0.020706798349015027,0.7107936082306673,0.6660822057789386,0.24054207462373917,1,0.7939698492462312
359,0.5748539131941516,0.7190472580116051,0.6329351988074715,0.4017154094585195,0.6348912346827073,0.5129158112978667,1,0.7989949748743719
360,0.8787990361883363,0.12249168776295004,0.02742889893144748,0.5632965555373214,0.10951755130213968,0.16465668530454272,1,0.8040201005025126
361,0.7544955918835771,0.20257868041760904,0.04999839494428151,0.6082600079128989,0.09580938820588748,0.14594357659477245,1,0.8090452261306533
362,0.775882089397942,0.2161606984262003,0.031054725142999704,0.6419310178617039,0.09368938301972689,0.14447620232185865,1,0.8140703517587939
363,0.5778625108394803,0.3897902181561816,0.27030729568009687,0.14361664185235185,0.22505039501117283,0.42745187444400196,1,0.8190954773869347
364,1.0,0.005390305765800381,0.0,0.7369576646836774,0.12429174820143939,0.1353943775836417,1,0.8241206030150754
365,0.9845841246992729,0.016860817013545994,0.02147459876524822,0.576780109006337,0.12249278922263508,0.1564174557271565,1,0.8291457286432161
366,0.9165051329555539,0.06350508144594573,0.027381965664009474,0.573669069285409,0.11635835461035028,0.1480285989614823,1,0.8341708542713568
367,0.7326795353516189,0.10990065678038234,0.08857037795323747,0.6807465741082659,0.14014232318105196,0.19443239115007976,1,0.8391959798994975
368,0.6921652346260914,0.5230162576249091,0.32890414690307385,0.17798352354536176,0.2186849520470506,0.36068701143243076,1,0.8442211055276382
369,0.8908853994483074,0.09903359646435556,0.03939245298681998,0.4908561883657544,0.10395077013902433,0.1369151572844693,1,0.8492462311557789
370,0.7671754392236627,0.14839028595943554,0.1297807635638409,0.458818808035958,0.13037871673962848,0.26822473211169673,1,0.8542713567839196
371,0.8381115720372254,0.06727805280416656,0.018216369671782286,0.5837554206017439,0.11588224029400025,0.14234695968719052,1,0.8592964824120604
372,0.7263610011700768,0.16590384362749455,0.023163316549668966,0.792353912479956,0.09532848985654112,0.14574517559760897,1,0.864321608040201
373,0.8111660787936301,0.17956813545757927,0.013044328209233113,0.7081595374016204,0.0923450322466907,0.13563948934910025,1,0.8693467336683417
374,0.658140642453843,0.42652996840397467,0.26898660611392056,0.09923910995727962,0.22287750467318776,0.16993769131261882,1,0.8743718592964824
375,0.7739918954803959,0.12424931095069137,0.01703568654490385,0.6006229084890543,0.1041559009942819,0.13535020005897902,1,0.8793969849246231
376,0.8393099949765662,0.11572162719813402,0.01774876137728702,0.7374362560350135,0.10811949968254911,0.1395256493803802,1,0.8844221105527639
377,0.8828227644114968,0.10631358324023359,0.03738308655232849,0.5804496413013884,0.10657029330548293,0.14313391008893825,1,0.8894472361809045
378,0.6379866597351923,0.5616514249946164,0.3024518877396744,0.2562369658171464,0.07502688751302118,0.37709037419624103,1,0.8944723618090452
379,0.8077347741384195,0.15535739184761374,0.08967751350042771,0.5961265287718456,0.1302843556583826,0.19513212939092256,1,0.8994974874371859
380,0.8026554813733767,0.18574369103046917,0.020667817130542294,0.5894795470486343,0.07494998714525584,0.3979195118942853,1,0.9045226130653267
381,0.7627294653085458,0.23836045096443456,0.03555505511856019,0.5358553359474486,0.07648444841955357,0.3969243817980466,1,0.9095477386934674
382,0.6387523321153675,0.5849408442374563,0.25932501561489235,0.14747372065420283,0.11451549921112354,0.2932800500730602,1,0.914572864321608
383,0.5774467861235726,0.6015006801857489,0.24516553630827348,0.16953259204167553,0.06353504153433144,0.34201371603640907,1,0.9195979899497487
384,0.8989793512574976,0.08978378548008925,0.03095977192540346,0.44952974875578916,0.10099554089168887,0.4162356122517992,1,0.9246231155778895
385,0.8136510423622016,0.1765302531406947,0.2565572471845303,0.324097848233543,0.14879311437842663,0.5802772669605962,1,0.9296482412060302
386,0.8143906825451066,0.2511642331170447,0.1953285292934087,0.07167901177908007,0.1620272621819834,0.45129336741198506,1,0.9346733668341709
387,0.6213625310239359,0.42478423660361253,0.43009721097688747,0.16376581934821896,0.19913471711979427,0.5693337388623306,1,0.9396984924623115
388,0.801033027275055,0.15002963634246488,0.04842517214533057,0.49838168194794263,0.08461232277751915,0.42863039042038875,1,0.9447236180904522
389,0.845593123395059,0.0843070945795243,0.03939984541765316,0.6445019914002029,0.09269934642074931,0.43485431178443024,1,0.949748743718593
390,0.7641710279053505,0.15609622942677479,0.19908349985928428,0.5291843997282973,0.11839227961230522,0.6238983090077793,1,0.9547738693467337
391,0.6721103590144591,0.5371306023761049,0.32688037567257794,0.15082461784633572,0.15282140174284872,0.4913459856757862,1,0.9597989949748744
392,0.675318702302838,0.43140568547888586,0.1157771852919719,0.06892040297968742,0.07099878497872707,0.42605976879618995,1,0.964824120603015
393,0.8331669396823681,0.1683741429331454,0.0176097995471154,0.6339456438364296,0.08054971610280089,0.4036215272705,1,0.9698492462311558
394,0.6531259959010941,0.5638163843685018,0.2323822094162706,0.16582215944760917,0.05912412064229176,0.2799209465500681,1,0.9748743718592965
395,0.795723289813098,0.1432885044096663,0.024043922527593325,0.0,0.08262693639298856,0.4169574948284711,1,0.9798994974874372
396,0.5665531290050159,0.5144998530844259,0.4180637822445113,0.16734188054760482,0.08991659760494296,0.35295851634567854,1,0.9849246231155779
397,0.8727997271922723,0.11341040631044408,0.05160768344750451,0.8222667843707275,0.08908923939127775,0.4351250250326664,1,0.9899497487437187
398,0.7911442752850445,0.18023278684561658,0.04103611744414258,0.3783441954547514,0.08286193210852794,0.4189275646985737,1,0.9949748743718593
399,0.6860209034525466,0.2217105462607206,0.10291846538995597,0.6569053873814565,0.08176881138316545,0.4675550030163336,1,1.0
